Image_name,output_0,output_1,classified
spec_audio_Uabc7eb7cd965db3d0c8780c30227899e_segment_1.png,-7.785490989685059,5.3510565757751465,1
