Image_name,output_0,output_1,classified
spec_audio_Uabc7eb7cd965db3d0c8780c30227899e_segment_1.png,-6.613368034362793,3.836761713027954,1
