Image_name,output_0,output_1,classified
spec_audio_Uabc7eb7cd965db3d0c8780c30227899e_segment_1.png,-1.9307372570037842,9.6742525100708,1
