Image_name,output_0,output_1,classified
spec_audio_Uabc7eb7cd965db3d0c8780c30227899e_segment_1.png,-3.530879497528076,9.924646377563477,1
